﻿<?xml version="1.0"?>
<doc>
<assembly>
<name>
WindowsApp2
</name>
</assembly>
<members>
<member name="T:WindowsApp2.My.Resources.Resources">
<summary>
  A strongly-typed resource class, for looking up localized strings, etc.
</summary>
</member>
<member name="P:WindowsApp2.My.Resources.Resources.ResourceManager">
<summary>
  Returns the cached ResourceManager instance used by this class.
</summary>
</member>
<member name="P:WindowsApp2.My.Resources.Resources.Culture">
<summary>
  Overrides the current thread's CurrentUICulture property for all
  resource lookups using this strongly typed resource class.
</summary>
</member>
<member name="P:WindowsApp2.My.Resources.Resources._902849_902778_world_corona">
<summary>
  Looks up a localized resource of type System.Drawing.Bitmap.
</summary>
</member>
<member name="P:WindowsApp2.My.Resources.Resources._String">
<summary>
  Looks up a localized string similar to Add Row.
</summary>
</member>
<member name="P:WindowsApp2.My.Resources.Resources.abp">
<summary>
  Looks up a localized resource of type System.Drawing.Bitmap.
</summary>
</member>
<member name="P:WindowsApp2.My.Resources.Resources.admin">
<summary>
  Looks up a localized resource of type System.Drawing.Bitmap.
</summary>
</member>
<member name="P:WindowsApp2.My.Resources.Resources.america">
<summary>
  Looks up a localized resource of type System.Drawing.Bitmap.
</summary>
</member>
<member name="P:WindowsApp2.My.Resources.Resources.archana">
<summary>
  Looks up a localized resource of type System.Drawing.Bitmap.
</summary>
</member>
<member name="P:WindowsApp2.My.Resources.Resources.back">
<summary>
  Looks up a localized resource of type System.Drawing.Bitmap.
</summary>
</member>
<member name="P:WindowsApp2.My.Resources.Resources.Back_2_2_icon">
<summary>
  Looks up a localized resource of type System.Drawing.Bitmap.
</summary>
</member>
<member name="P:WindowsApp2.My.Resources.Resources.back_icon">
<summary>
  Looks up a localized resource of type System.Drawing.Bitmap.
</summary>
</member>
<member name="P:WindowsApp2.My.Resources.Resources.border">
<summary>
  Looks up a localized resource of type System.Drawing.Bitmap.
</summary>
</member>
<member name="P:WindowsApp2.My.Resources.Resources.border_3">
<summary>
  Looks up a localized resource of type System.Drawing.Bitmap.
</summary>
</member>
<member name="P:WindowsApp2.My.Resources.Resources.border_6">
<summary>
  Looks up a localized resource of type System.Drawing.Bitmap.
</summary>
</member>
<member name="P:WindowsApp2.My.Resources.Resources.border2">
<summary>
  Looks up a localized resource of type System.Drawing.Bitmap.
</summary>
</member>
<member name="P:WindowsApp2.My.Resources.Resources.border5">
<summary>
  Looks up a localized resource of type System.Drawing.Bitmap.
</summary>
</member>
<member name="P:WindowsApp2.My.Resources.Resources.Button_Info_icon">
<summary>
  Looks up a localized resource of type System.Drawing.Bitmap.
</summary>
</member>
<member name="P:WindowsApp2.My.Resources.Resources.c19">
<summary>
  Looks up a localized resource of type System.Drawing.Bitmap.
</summary>
</member>
<member name="P:WindowsApp2.My.Resources.Resources.Capture">
<summary>
  Looks up a localized resource of type System.Drawing.Bitmap.
</summary>
</member>
<member name="P:WindowsApp2.My.Resources.Resources.china_photo">
<summary>
  Looks up a localized resource of type System.Drawing.Bitmap.
</summary>
</member>
<member name="P:WindowsApp2.My.Resources.Resources.corona_img">
<summary>
  Looks up a localized resource of type System.Drawing.Bitmap.
</summary>
</member>
<member name="P:WindowsApp2.My.Resources.Resources.corona_test">
<summary>
  Looks up a localized resource of type System.Drawing.Bitmap.
</summary>
</member>
<member name="P:WindowsApp2.My.Resources.Resources.coronavirus_tracker_header2">
<summary>
  Looks up a localized resource of type System.Drawing.Bitmap.
</summary>
</member>
<member name="P:WindowsApp2.My.Resources.Resources.covid">
<summary>
  Looks up a localized resource of type System.Drawing.Bitmap.
</summary>
</member>
<member name="P:WindowsApp2.My.Resources.Resources.covid1">
<summary>
  Looks up a localized resource of type System.Drawing.Bitmap.
</summary>
</member>
<member name="P:WindowsApp2.My.Resources.Resources.covid19_img">
<summary>
  Looks up a localized resource of type System.Drawing.Bitmap.
</summary>
</member>
<member name="P:WindowsApp2.My.Resources.Resources.DOWN">
<summary>
  Looks up a localized resource of type System.Drawing.Bitmap.
</summary>
</member>
<member name="P:WindowsApp2.My.Resources.Resources.dr">
<summary>
  Looks up a localized resource of type System.Drawing.Bitmap.
</summary>
</member>
<member name="P:WindowsApp2.My.Resources.Resources.finalhero">
<summary>
  Looks up a localized resource of type System.Drawing.Bitmap.
</summary>
</member>
<member name="P:WindowsApp2.My.Resources.Resources.gmail">
<summary>
  Looks up a localized resource of type System.Drawing.Bitmap.
</summary>
</member>
<member name="P:WindowsApp2.My.Resources.Resources.hero">
<summary>
  Looks up a localized resource of type System.Drawing.Bitmap.
</summary>
</member>
<member name="P:WindowsApp2.My.Resources.Resources.icons8_help_64">
<summary>
  Looks up a localized resource of type System.Drawing.Bitmap.
</summary>
</member>
<member name="P:WindowsApp2.My.Resources.Resources.icons8_help_641">
<summary>
  Looks up a localized resource of type System.Drawing.Bitmap.
</summary>
</member>
<member name="P:WindowsApp2.My.Resources.Resources.india">
<summary>
  Looks up a localized resource of type System.Drawing.Bitmap.
</summary>
</member>
<member name="P:WindowsApp2.My.Resources.Resources.instr">
<summary>
  Looks up a localized resource of type System.Drawing.Bitmap.
</summary>
</member>
<member name="P:WindowsApp2.My.Resources.Resources.ioit">
<summary>
  Looks up a localized resource of type System.Drawing.Bitmap.
</summary>
</member>
<member name="P:WindowsApp2.My.Resources.Resources.ioit2">
<summary>
  Looks up a localized resource of type System.Drawing.Bitmap.
</summary>
</member>
<member name="P:WindowsApp2.My.Resources.Resources.ioit3">
<summary>
  Looks up a localized resource of type System.Drawing.Bitmap.
</summary>
</member>
<member name="P:WindowsApp2.My.Resources.Resources.IOITIMG">
<summary>
  Looks up a localized resource of type System.Drawing.Bitmap.
</summary>
</member>
<member name="P:WindowsApp2.My.Resources.Resources.italy_photo">
<summary>
  Looks up a localized resource of type System.Drawing.Bitmap.
</summary>
</member>
<member name="P:WindowsApp2.My.Resources.Resources.Minal_photo_erp">
<summary>
  Looks up a localized resource of type System.Drawing.Bitmap.
</summary>
</member>
<member name="P:WindowsApp2.My.Resources.Resources.neha">
<summary>
  Looks up a localized resource of type System.Drawing.Bitmap.
</summary>
</member>
<member name="P:WindowsApp2.My.Resources.Resources.Oxfords_COVID_Vaccine_Update">
<summary>
  Looks up a localized resource of type System.Drawing.Bitmap.
</summary>
</member>
<member name="P:WindowsApp2.My.Resources.Resources.paper_plane">
<summary>
  Looks up a localized resource of type System.Drawing.Bitmap.
</summary>
</member>
<member name="P:WindowsApp2.My.Resources.Resources.pradnya">
<summary>
  Looks up a localized resource of type System.Drawing.Bitmap.
</summary>
</member>
<member name="P:WindowsApp2.My.Resources.Resources.prashant">
<summary>
  Looks up a localized resource of type System.Drawing.Bitmap.
</summary>
</member>
<member name="P:WindowsApp2.My.Resources.Resources.russia_photo">
<summary>
  Looks up a localized resource of type System.Drawing.Bitmap.
</summary>
</member>
<member name="P:WindowsApp2.My.Resources.Resources.SERUM">
<summary>
  Looks up a localized resource of type System.Drawing.Bitmap.
</summary>
</member>
<member name="P:WindowsApp2.My.Resources.Resources.Untitled">
<summary>
  Looks up a localized resource of type System.Drawing.Bitmap.
</summary>
</member>
<member name="P:WindowsApp2.My.Resources.Resources.user">
<summary>
  Looks up a localized resource of type System.Drawing.Bitmap.
</summary>
</member>
<member name="P:WindowsApp2.My.Resources.Resources.VACC">
<summary>
  Looks up a localized resource of type System.Drawing.Bitmap.
</summary>
</member>
<member name="P:WindowsApp2.My.Resources.Resources.vacc2">
<summary>
  Looks up a localized resource of type System.Drawing.Bitmap.
</summary>
</member>
<member name="P:WindowsApp2.My.Resources.Resources.vacc3">
<summary>
  Looks up a localized resource of type System.Drawing.Bitmap.
</summary>
</member>
<member name="P:WindowsApp2.My.Resources.Resources.vacc4">
<summary>
  Looks up a localized resource of type System.Drawing.Bitmap.
</summary>
</member>
<member name="P:WindowsApp2.My.Resources.Resources.vacc5">
<summary>
  Looks up a localized resource of type System.Drawing.Bitmap.
</summary>
</member>
<member name="P:WindowsApp2.My.Resources.Resources.vaccine">
<summary>
  Looks up a localized resource of type System.Drawing.Bitmap.
</summary>
</member>
<member name="P:WindowsApp2.My.Resources.Resources.vaccname">
<summary>
  Looks up a localized resource of type System.Drawing.Bitmap.
</summary>
</member>
<member name="P:WindowsApp2.My.Resources.Resources.Window_Enter_icon">
<summary>
  Looks up a localized resource of type System.Drawing.Bitmap.
</summary>
</member>
<member name="P:WindowsApp2.My.Resources.Resources.Window_Enter_icon__1_">
<summary>
  Looks up a localized resource of type System.Drawing.Bitmap.
</summary>
</member>
</members>
</doc>
